,solutions
0,aback
1,abase
2,abate
3,abbey
4,abbot
5,abhor
6,abide
7,abled
8,abode
9,abort
10,about
11,above
12,abuse
13,abyss
14,acorn
15,acrid
16,actor
17,acute
18,adage
19,adapt
20,adept
21,admin
22,admit
23,adobe
24,adopt
25,adore
26,adorn
27,adult
28,affix
29,afire
30,afoot
31,afoul
32,after
33,again
34,agape
35,agate
36,agent
37,agile
38,aging
39,aglow
40,agony
41,agora
42,agree
43,ahead
44,aider
45,aisle
46,alarm
47,album
48,alert
49,algae
50,alibi
51,alien
52,align
53,alike
54,alive
55,allay
56,alley
57,allot
58,allow
59,alloy
60,aloft
61,alone
62,along
63,aloof
64,aloud
65,alpha
66,altar
67,alter
68,amass
69,amaze
70,amber
71,amble
72,amend
73,amiss
74,amity
75,among
76,ample
77,amply
78,amuse
79,angel
80,anger
81,angle
82,angry
83,angst
84,anime
85,ankle
86,annex
87,annoy
88,annul
89,anode
90,antic
91,anvil
92,aorta
93,apart
94,aphid
95,aping
96,apnea
97,apple
98,apply
99,apron
100,aptly
101,arbor
102,ardor
103,arena
104,argue
105,arise
106,armor
107,aroma
108,arose
109,array
110,arrow
111,arson
112,artsy
113,ascot
114,ashen
115,aside
116,askew
117,assay
118,asset
119,atoll
120,atone
121,attic
122,audio
123,audit
124,augur
125,aunty
126,avail
127,avert
128,avian
129,avoid
130,await
131,awake
132,award
133,aware
134,awash
135,awful
136,awoke
137,axial
138,axiom
139,axion
140,azure
141,bacon
142,badge
143,badly
144,bagel
145,baggy
146,baker
147,baler
148,balmy
149,banal
150,banjo
151,barge
152,baron
153,basal
154,basic
155,basil
156,basin
157,basis
158,baste
159,batch
160,bathe
161,baton
162,batty
163,bawdy
164,bayou
165,beach
166,beady
167,beard
168,beast
169,beech
170,beefy
171,befit
172,began
173,begat
174,beget
175,begin
176,begun
177,being
178,belch
179,belie
180,belle
181,belly
182,below
183,bench
184,beret
185,berry
186,berth
187,beset
188,betel
189,bevel
190,bezel
191,bible
192,bicep
193,biddy
194,bigot
195,bilge
196,billy
197,binge
198,bingo
199,biome
200,birch
201,birth
202,bison
203,bitty
204,black
205,blade
206,blame
207,bland
208,blank
209,blare
210,blast
211,blaze
212,bleak
213,bleat
214,bleed
215,bleep
216,blend
217,bless
218,blimp
219,blind
220,blink
221,bliss
222,blitz
223,bloat
224,block
225,bloke
226,blond
227,blood
228,bloom
229,blown
230,bluer
231,bluff
232,blunt
233,blurb
234,blurt
235,blush
236,board
237,boast
238,bobby
239,boney
240,bongo
241,bonus
242,booby
243,boost
244,booth
245,booty
246,booze
247,boozy
248,borax
249,borne
250,bosom
251,bossy
252,botch
253,bough
254,boule
255,bound
256,bowel
257,boxer
258,brace
259,braid
260,brain
261,brake
262,brand
263,brash
264,brass
265,brave
266,bravo
267,brawl
268,brawn
269,bread
270,break
271,breed
272,briar
273,bribe
274,brick
275,bride
276,brief
277,brine
278,bring
279,brink
280,briny
281,brisk
282,broad
283,broil
284,broke
285,brood
286,brook
287,broom
288,broth
289,brown
290,brunt
291,brush
292,brute
293,buddy
294,budge
295,buggy
296,bugle
297,build
298,built
299,bulge
300,bulky
301,bully
302,bunch
303,bunny
304,burly
305,burnt
306,burst
307,bused
308,bushy
309,butch
310,butte
311,buxom
312,buyer
313,bylaw
314,cabal
315,cabby
316,cabin
317,cable
318,cacao
319,cache
320,cacti
321,caddy
322,cadet
323,cagey
324,cairn
325,camel
326,cameo
327,canal
328,candy
329,canny
330,canoe
331,canon
332,caper
333,caput
334,carat
335,cargo
336,carol
337,carry
338,carve
339,caste
340,catch
341,cater
342,catty
343,caulk
344,cause
345,cavil
346,cease
347,cedar
348,cello
349,chafe
350,chaff
351,chain
352,chair
353,chalk
354,champ
355,chant
356,chaos
357,chard
358,charm
359,chart
360,chase
361,chasm
362,cheap
363,cheat
364,check
365,cheek
366,cheer
367,chess
368,chest
369,chick
370,chide
371,chief
372,child
373,chili
374,chill
375,chime
376,china
377,chirp
378,chock
379,choir
380,choke
381,chord
382,chore
383,chose
384,chuck
385,chump
386,chunk
387,churn
388,chute
389,cider
390,cigar
391,cinch
392,circa
393,civic
394,civil
395,clack
396,claim
397,clamp
398,clang
399,clank
400,clash
401,clasp
402,class
403,clean
404,clear
405,cleat
406,cleft
407,clerk
408,click
409,cliff
410,climb
411,cling
412,clink
413,cloak
414,clock
415,clone
416,close
417,cloth
418,cloud
419,clout
420,clove
421,clown
422,cluck
423,clued
424,clump
425,clung
426,coach
427,coast
428,cobra
429,cocoa
430,colon
431,color
432,comet
433,comfy
434,comic
435,comma
436,conch
437,condo
438,conic
439,copse
440,coral
441,corer
442,corny
443,couch
444,cough
445,could
446,count
447,coupe
448,court
449,coven
450,cover
451,covet
452,covey
453,cower
454,coyly
455,crack
456,craft
457,cramp
458,crane
459,crank
460,crash
461,crass
462,crate
463,crave
464,crawl
465,craze
466,crazy
467,creak
468,cream
469,credo
470,creed
471,creek
472,creep
473,creme
474,crepe
475,crept
476,cress
477,crest
478,crick
479,cried
480,crier
481,crime
482,crimp
483,crisp
484,croak
485,crock
486,crone
487,crony
488,crook
489,cross
490,croup
491,crowd
492,crown
493,crude
494,cruel
495,crumb
496,crump
497,crush
498,crust
499,crypt
500,cubic
501,cumin
502,curio
503,curly
504,curry
505,curse
506,curve
507,curvy
508,cutie
509,cyber
510,cycle
511,cynic
512,daddy
513,daily
514,dairy
515,daisy
516,dally
517,dance
518,dandy
519,datum
520,daunt
521,dealt
522,death
523,debar
524,debit
525,debug
526,debut
527,decal
528,decay
529,decor
530,decoy
531,decry
532,defer
533,deign
534,deity
535,delay
536,delta
537,delve
538,demon
539,demur
540,denim
541,dense
542,depot
543,depth
544,derby
545,deter
546,detox
547,deuce
548,devil
549,diary
550,dicey
551,digit
552,dilly
553,dimly
554,diner
555,dingo
556,dingy
557,diode
558,dirge
559,dirty
560,disco
561,ditch
562,ditto
563,ditty
564,diver
565,dizzy
566,dodge
567,dodgy
568,dogma
569,doing
570,dolly
571,donor
572,donut
573,dopey
574,doubt
575,dough
576,dowdy
577,dowel
578,downy
579,dowry
580,dozen
581,draft
582,drain
583,drake
584,drama
585,drank
586,drape
587,drawl
588,drawn
589,dread
590,dream
591,dress
592,dried
593,drier
594,drift
595,drill
596,drink
597,drive
598,droit
599,droll
600,drone
601,drool
602,droop
603,dross
604,drove
605,drown
606,druid
607,drunk
608,dryer
609,dryly
610,duchy
611,dully
612,dummy
613,dumpy
614,dunce
615,dusky
616,dusty
617,dutch
618,duvet
619,dwarf
620,dwell
621,dwelt
622,dying
623,eager
624,eagle
625,early
626,earth
627,easel
628,eaten
629,eater
630,ebony
631,eclat
632,edict
633,edify
634,eerie
635,egret
636,eight
637,eject
638,eking
639,elate
640,elbow
641,elder
642,elect
643,elegy
644,elfin
645,elide
646,elite
647,elope
648,elude
649,email
650,embed
651,ember
652,emcee
653,empty
654,enact
655,endow
656,enema
657,enemy
658,enjoy
659,ennui
660,ensue
661,enter
662,entry
663,envoy
664,epoch
665,epoxy
666,equal
667,equip
668,erase
669,erect
670,erode
671,error
672,erupt
673,essay
674,ester
675,ether
676,ethic
677,ethos
678,etude
679,evade
680,event
681,every
682,evict
683,evoke
684,exact
685,exalt
686,excel
687,exert
688,exile
689,exist
690,expel
691,extol
692,extra
693,exult
694,eying
695,fable
696,facet
697,faint
698,fairy
699,faith
700,false
701,fancy
702,fanny
703,farce
704,fatal
705,fatty
706,fault
707,fauna
708,favor
709,feast
710,fecal
711,feign
712,fella
713,felon
714,femme
715,femur
716,fence
717,feral
718,ferry
719,fetal
720,fetch
721,fetid
722,fetus
723,fever
724,fewer
725,fiber
726,fibre
727,ficus
728,field
729,fiend
730,fiery
731,fifth
732,fifty
733,fight
734,filer
735,filet
736,filly
737,filmy
738,filth
739,final
740,finch
741,finer
742,first
743,fishy
744,fixer
745,fizzy
746,fjord
747,flack
748,flail
749,flair
750,flake
751,flaky
752,flame
753,flank
754,flare
755,flash
756,flask
757,fleck
758,fleet
759,flesh
760,flick
761,flier
762,fling
763,flint
764,flirt
765,float
766,flock
767,flood
768,floor
769,flora
770,floss
771,flour
772,flout
773,flown
774,fluff
775,fluid
776,fluke
777,flume
778,flung
779,flunk
780,flush
781,flute
782,flyer
783,foamy
784,focal
785,focus
786,foggy
787,foist
788,folio
789,folly
790,foray
791,force
792,forge
793,forgo
794,forte
795,forth
796,forty
797,forum
798,found
799,foyer
800,frail
801,frame
802,frank
803,fraud
804,freak
805,freed
806,freer
807,fresh
808,friar
809,fried
810,frill
811,frisk
812,fritz
813,frock
814,frond
815,front
816,frost
817,froth
818,frown
819,froze
820,fruit
821,fudge
822,fugue
823,fully
824,fungi
825,funky
826,funny
827,furor
828,furry
829,fussy
830,fuzzy
831,gaffe
832,gaily
833,gamer
834,gamma
835,gamut
836,gassy
837,gaudy
838,gauge
839,gaunt
840,gauze
841,gavel
842,gawky
843,gayer
844,gayly
845,gazer
846,gecko
847,geeky
848,geese
849,genie
850,genre
851,ghost
852,ghoul
853,giant
854,giddy
855,gipsy
856,girly
857,girth
858,given
859,giver
860,glade
861,gland
862,glare
863,glass
864,glaze
865,gleam
866,glean
867,glide
868,glint
869,gloat
870,globe
871,gloom
872,glory
873,gloss
874,glove
875,glyph
876,gnash
877,gnome
878,godly
879,going
880,golem
881,golly
882,gonad
883,goner
884,goody
885,gooey
886,goofy
887,goose
888,gorge
889,gouge
890,gourd
891,grace
892,grade
893,graft
894,grail
895,grain
896,grand
897,grant
898,grape
899,graph
900,grasp
901,grass
902,grate
903,grave
904,gravy
905,graze
906,great
907,greed
908,green
909,greet
910,grief
911,grill
912,grime
913,grimy
914,grind
915,gripe
916,groan
917,groin
918,groom
919,grope
920,gross
921,group
922,grout
923,grove
924,growl
925,grown
926,gruel
927,gruff
928,grunt
929,guard
930,guava
931,guess
932,guest
933,guide
934,guild
935,guile
936,guilt
937,guise
938,gulch
939,gully
940,gumbo
941,gummy
942,guppy
943,gusto
944,gusty
945,gypsy
946,habit
947,hairy
948,halve
949,handy
950,happy
951,hardy
952,harem
953,harpy
954,harry
955,harsh
956,haste
957,hasty
958,hatch
959,hater
960,haunt
961,haute
962,haven
963,havoc
964,hazel
965,heady
966,heard
967,heart
968,heath
969,heave
970,heavy
971,hedge
972,hefty
973,heist
974,helix
975,hello
976,hence
977,heron
978,hilly
979,hinge
980,hippo
981,hippy
982,hitch
983,hoard
984,hobby
985,hoist
986,holly
987,homer
988,honey
989,honor
990,horde
991,horny
992,horse
993,hotel
994,hotly
995,hound
996,house
997,hovel
998,hover
999,howdy
1000,human
1001,humid
1002,humor
1003,humph
1004,humus
1005,hunch
1006,hunky
1007,hurry
1008,husky
1009,hussy
1010,hutch
1011,hydro
1012,hyena
1013,hymen
1014,hyper
1015,icily
1016,icing
1017,ideal
1018,idiom
1019,idiot
1020,idler
1021,idyll
1022,igloo
1023,iliac
1024,image
1025,imbue
1026,impel
1027,imply
1028,inane
1029,inbox
1030,incur
1031,index
1032,inept
1033,inert
1034,infer
1035,ingot
1036,inlay
1037,inlet
1038,inner
1039,input
1040,inter
1041,intro
1042,ionic
1043,irate
1044,irony
1045,islet
1046,issue
1047,itchy
1048,ivory
1049,jaunt
1050,jazzy
1051,jelly
1052,jerky
1053,jetty
1054,jewel
1055,jiffy
1056,joint
1057,joist
1058,joker
1059,jolly
1060,joust
1061,judge
1062,juice
1063,juicy
1064,jumbo
1065,jumpy
1066,junta
1067,junto
1068,juror
1069,kappa
1070,karma
1071,kayak
1072,kebab
1073,khaki
1074,kinky
1075,kiosk
1076,kitty
1077,knack
1078,knave
1079,knead
1080,kneed
1081,kneel
1082,knelt
1083,knife
1084,knock
1085,knoll
1086,known
1087,koala
1088,krill
1089,label
1090,labor
1091,laden
1092,ladle
1093,lager
1094,lance
1095,lanky
1096,lapel
1097,lapse
1098,large
1099,larva
1100,lasso
1101,latch
1102,later
1103,lathe
1104,latte
1105,laugh
1106,layer
1107,leach
1108,leafy
1109,leaky
1110,leant
1111,leapt
1112,learn
1113,lease
1114,leash
1115,least
1116,leave
1117,ledge
1118,leech
1119,leery
1120,lefty
1121,legal
1122,leggy
1123,lemon
1124,lemur
1125,leper
1126,level
1127,lever
1128,libel
1129,liege
1130,light
1131,liken
1132,lilac
1133,limbo
1134,limit
1135,linen
1136,liner
1137,lingo
1138,lipid
1139,lithe
1140,liver
1141,livid
1142,llama
1143,loamy
1144,loath
1145,lobby
1146,local
1147,locus
1148,lodge
1149,lofty
1150,logic
1151,login
1152,loopy
1153,loose
1154,lorry
1155,loser
1156,louse
1157,lousy
1158,lover
1159,lower
1160,lowly
1161,loyal
1162,lucid
1163,lucky
1164,lumen
1165,lumpy
1166,lunar
1167,lunch
1168,lunge
1169,lupus
1170,lurch
1171,lurid
1172,lusty
1173,lying
1174,lymph
1175,lynch
1176,lyric
1177,macaw
1178,macho
1179,macro
1180,madam
1181,madly
1182,mafia
1183,magic
1184,magma
1185,maize
1186,major
1187,maker
1188,mambo
1189,mamma
1190,mammy
1191,manga
1192,mange
1193,mango
1194,mangy
1195,mania
1196,manic
1197,manly
1198,manor
1199,maple
1200,march
1201,marry
1202,marsh
1203,mason
1204,masse
1205,match
1206,matey
1207,mauve
1208,maxim
1209,maybe
1210,mayor
1211,mealy
1212,meant
1213,meaty
1214,mecca
1215,medal
1216,media
1217,medic
1218,melee
1219,melon
1220,mercy
1221,merge
1222,merit
1223,merry
1224,metal
1225,meter
1226,metro
1227,micro
1228,midge
1229,midst
1230,might
1231,milky
1232,mimic
1233,mince
1234,miner
1235,minim
1236,minor
1237,minty
1238,minus
1239,mirth
1240,miser
1241,missy
1242,mocha
1243,modal
1244,model
1245,modem
1246,mogul
1247,moist
1248,molar
1249,moldy
1250,money
1251,month
1252,moody
1253,moose
1254,moral
1255,moron
1256,morph
1257,mossy
1258,motel
1259,motif
1260,motor
1261,motto
1262,moult
1263,mound
1264,mount
1265,mourn
1266,mouse
1267,mouth
1268,mover
1269,movie
1270,mower
1271,mucky
1272,mucus
1273,muddy
1274,mulch
1275,mummy
1276,munch
1277,mural
1278,murky
1279,mushy
1280,music
1281,musky
1282,musty
1283,myrrh
1284,nadir
1285,naive
1286,nanny
1287,nasal
1288,nasty
1289,natal
1290,naval
1291,navel
1292,needy
1293,neigh
1294,nerdy
1295,nerve
1296,never
1297,newer
1298,newly
1299,nicer
1300,niche
1301,niece
1302,night
1303,ninja
1304,ninny
1305,ninth
1306,noble
1307,nobly
1308,noise
1309,noisy
1310,nomad
1311,noose
1312,north
1313,nosey
1314,notch
1315,novel
1316,nudge
1317,nurse
1318,nutty
1319,nylon
1320,nymph
1321,oaken
1322,obese
1323,occur
1324,ocean
1325,octal
1326,octet
1327,odder
1328,oddly
1329,offal
1330,offer
1331,often
1332,olden
1333,older
1334,olive
1335,ombre
1336,omega
1337,onion
1338,onset
1339,opera
1340,opine
1341,opium
1342,optic
1343,orbit
1344,order
1345,organ
1346,other
1347,otter
1348,ought
1349,ounce
1350,outdo
1351,outer
1352,outgo
1353,ovary
1354,ovate
1355,overt
1356,ovine
1357,ovoid
1358,owing
1359,owner
1360,oxide
1361,ozone
1362,paddy
1363,pagan
1364,paint
1365,paler
1366,palsy
1367,panel
1368,panic
1369,pansy
1370,papal
1371,paper
1372,parer
1373,parka
1374,parry
1375,parse
1376,party
1377,pasta
1378,paste
1379,pasty
1380,patch
1381,patio
1382,patsy
1383,patty
1384,pause
1385,payee
1386,payer
1387,peace
1388,peach
1389,pearl
1390,pecan
1391,pedal
1392,penal
1393,pence
1394,penne
1395,penny
1396,perch
1397,peril
1398,perky
1399,pesky
1400,pesto
1401,petal
1402,petty
1403,phase
1404,phone
1405,phony
1406,photo
1407,piano
1408,picky
1409,piece
1410,piety
1411,piggy
1412,pilot
1413,pinch
1414,piney
1415,pinky
1416,pinto
1417,piper
1418,pique
1419,pitch
1420,pithy
1421,pivot
1422,pixel
1423,pixie
1424,pizza
1425,place
1426,plaid
1427,plain
1428,plait
1429,plane
1430,plank
1431,plant
1432,plate
1433,plaza
1434,plead
1435,pleat
1436,plied
1437,plier
1438,pluck
1439,plumb
1440,plume
1441,plump
1442,plunk
1443,plush
1444,poesy
1445,point
1446,poise
1447,poker
1448,polar
1449,polka
1450,polyp
1451,pooch
1452,poppy
1453,porch
1454,poser
1455,posit
1456,posse
1457,pouch
1458,pound
1459,pouty
1460,power
1461,prank
1462,prawn
1463,preen
1464,press
1465,price
1466,prick
1467,pride
1468,pried
1469,prime
1470,primo
1471,print
1472,prior
1473,prism
1474,privy
1475,prize
1476,probe
1477,prone
1478,prong
1479,proof
1480,prose
1481,proud
1482,prove
1483,prowl
1484,proxy
1485,prude
1486,prune
1487,psalm
1488,pubic
1489,pudgy
1490,puffy
1491,pulpy
1492,pulse
1493,punch
1494,pupal
1495,pupil
1496,puppy
1497,puree
1498,purer
1499,purge
1500,purse
1501,pushy
1502,putty
1503,pygmy
1504,quack
1505,quail
1506,quake
1507,qualm
1508,quark
1509,quart
1510,quash
1511,quasi
1512,queen
1513,queer
1514,quell
1515,query
1516,quest
1517,queue
1518,quick
1519,quiet
1520,quill
1521,quilt
1522,quirk
1523,quite
1524,quota
1525,quote
1526,quoth
1527,rabbi
1528,rabid
1529,racer
1530,radar
1531,radii
1532,radio
1533,rainy
1534,raise
1535,rajah
1536,rally
1537,ralph
1538,ramen
1539,ranch
1540,randy
1541,range
1542,rapid
1543,rarer
1544,raspy
1545,ratio
1546,ratty
1547,raven
1548,rayon
1549,razor
1550,reach
1551,react
1552,ready
1553,realm
1554,rearm
1555,rebar
1556,rebel
1557,rebus
1558,rebut
1559,recap
1560,recur
1561,recut
1562,reedy
1563,refer
1564,refit
1565,regal
1566,rehab
1567,reign
1568,relax
1569,relay
1570,relic
1571,remit
1572,renal
1573,renew
1574,repay
1575,repel
1576,reply
1577,rerun
1578,reset
1579,resin
1580,retch
1581,retro
1582,retry
1583,reuse
1584,revel
1585,revue
1586,rhino
1587,rhyme
1588,rider
1589,ridge
1590,rifle
1591,right
1592,rigid
1593,rigor
1594,rinse
1595,ripen
1596,riper
1597,risen
1598,riser
1599,risky
1600,rival
1601,river
1602,rivet
1603,roach
1604,roast
1605,robin
1606,robot
1607,rocky
1608,rodeo
1609,roger
1610,rogue
1611,roomy
1612,roost
1613,rotor
1614,rouge
1615,rough
1616,round
1617,rouse
1618,route
1619,rover
1620,rowdy
1621,rower
1622,royal
1623,ruddy
1624,ruder
1625,rugby
1626,ruler
1627,rumba
1628,rumor
1629,rupee
1630,rural
1631,rusty
1632,sadly
1633,safer
1634,saint
1635,salad
1636,sally
1637,salon
1638,salsa
1639,salty
1640,salve
1641,salvo
1642,sandy
1643,saner
1644,sappy
1645,sassy
1646,satin
1647,satyr
1648,sauce
1649,saucy
1650,sauna
1651,saute
1652,savor
1653,savoy
1654,savvy
1655,scald
1656,scale
1657,scalp
1658,scaly
1659,scamp
1660,scant
1661,scare
1662,scarf
1663,scary
1664,scene
1665,scent
1666,scion
1667,scoff
1668,scold
1669,scone
1670,scoop
1671,scope
1672,score
1673,scorn
1674,scour
1675,scout
1676,scowl
1677,scram
1678,scrap
1679,scree
1680,screw
1681,scrub
1682,scrum
1683,scuba
1684,sedan
1685,seedy
1686,segue
1687,seize
1688,semen
1689,sense
1690,sepia
1691,serif
1692,serum
1693,serve
1694,setup
1695,seven
1696,sever
1697,sewer
1698,shack
1699,shade
1700,shady
1701,shaft
1702,shake
1703,shaky
1704,shale
1705,shall
1706,shalt
1707,shame
1708,shank
1709,shape
1710,shard
1711,share
1712,shark
1713,sharp
1714,shave
1715,shawl
1716,shear
1717,sheen
1718,sheep
1719,sheer
1720,sheet
1721,sheik
1722,shelf
1723,shell
1724,shied
1725,shift
1726,shine
1727,shiny
1728,shire
1729,shirk
1730,shirt
1731,shoal
1732,shock
1733,shone
1734,shook
1735,shoot
1736,shore
1737,shorn
1738,short
1739,shout
1740,shove
1741,shown
1742,showy
1743,shrew
1744,shrub
1745,shrug
1746,shuck
1747,shunt
1748,shush
1749,shyly
1750,siege
1751,sieve
1752,sight
1753,sigma
1754,silky
1755,silly
1756,since
1757,sinew
1758,singe
1759,siren
1760,sissy
1761,sixth
1762,sixty
1763,skate
1764,skier
1765,skiff
1766,skill
1767,skimp
1768,skirt
1769,skulk
1770,skull
1771,skunk
1772,slack
1773,slain
1774,slang
1775,slant
1776,slash
1777,slate
1778,slave
1779,sleek
1780,sleep
1781,sleet
1782,slept
1783,slice
1784,slick
1785,slide
1786,slime
1787,slimy
1788,sling
1789,slink
1790,sloop
1791,slope
1792,slosh
1793,sloth
1794,slump
1795,slung
1796,slunk
1797,slurp
1798,slush
1799,slyly
1800,smack
1801,small
1802,smart
1803,smash
1804,smear
1805,smell
1806,smelt
1807,smile
1808,smirk
1809,smite
1810,smith
1811,smock
1812,smoke
1813,smoky
1814,smote
1815,snack
1816,snail
1817,snake
1818,snaky
1819,snare
1820,snarl
1821,sneak
1822,sneer
1823,snide
1824,sniff
1825,snipe
1826,snoop
1827,snore
1828,snort
1829,snout
1830,snowy
1831,snuck
1832,snuff
1833,soapy
1834,sober
1835,soggy
1836,solar
1837,solid
1838,solve
1839,sonar
1840,sonic
1841,sooth
1842,sooty
1843,sorry
1844,sound
1845,south
1846,sower
1847,space
1848,spade
1849,spank
1850,spare
1851,spark
1852,spasm
1853,spawn
1854,speak
1855,spear
1856,speck
1857,speed
1858,spell
1859,spelt
1860,spend
1861,spent
1862,sperm
1863,spice
1864,spicy
1865,spied
1866,spiel
1867,spike
1868,spiky
1869,spill
1870,spilt
1871,spine
1872,spiny
1873,spire
1874,spite
1875,splat
1876,split
1877,spoil
1878,spoke
1879,spoof
1880,spook
1881,spool
1882,spoon
1883,spore
1884,sport
1885,spout
1886,spray
1887,spree
1888,sprig
1889,spunk
1890,spurn
1891,spurt
1892,squad
1893,squat
1894,squib
1895,stack
1896,staff
1897,stage
1898,staid
1899,stain
1900,stair
1901,stake
1902,stale
1903,stalk
1904,stall
1905,stamp
1906,stand
1907,stank
1908,stare
1909,stark
1910,start
1911,stash
1912,state
1913,stave
1914,stead
1915,steak
1916,steal
1917,steam
1918,steed
1919,steel
1920,steep
1921,steer
1922,stein
1923,stern
1924,stick
1925,stiff
1926,still
1927,stilt
1928,sting
1929,stink
1930,stint
1931,stock
1932,stoic
1933,stoke
1934,stole
1935,stomp
1936,stone
1937,stony
1938,stood
1939,stool
1940,stoop
1941,store
1942,stork
1943,storm
1944,story
1945,stout
1946,stove
1947,strap
1948,straw
1949,stray
1950,strip
1951,strut
1952,stuck
1953,study
1954,stuff
1955,stump
1956,stung
1957,stunk
1958,stunt
1959,style
1960,suave
1961,sugar
1962,suing
1963,suite
1964,sulky
1965,sully
1966,sumac
1967,sunny
1968,super
1969,surer
1970,surge
1971,surly
1972,sushi
1973,swami
1974,swamp
1975,swarm
1976,swash
1977,swath
1978,swear
1979,sweat
1980,sweep
1981,sweet
1982,swell
1983,swept
1984,swift
1985,swill
1986,swine
1987,swing
1988,swirl
1989,swish
1990,swoon
1991,swoop
1992,sword
1993,swore
1994,sworn
1995,swung
1996,synod
1997,syrup
1998,tabby
1999,table
2000,taboo
2001,tacit
2002,tacky
2003,taffy
2004,taint
2005,taken
2006,taker
2007,tally
2008,talon
2009,tamer
2010,tango
2011,tangy
2012,taper
2013,tapir
2014,tardy
2015,tarot
2016,taste
2017,tasty
2018,tatty
2019,taunt
2020,tawny
2021,teach
2022,teary
2023,tease
2024,teddy
2025,teeth
2026,tempo
2027,tenet
2028,tenor
2029,tense
2030,tenth
2031,tepee
2032,tepid
2033,terra
2034,terse
2035,testy
2036,thank
2037,theft
2038,their
2039,theme
2040,there
2041,these
2042,theta
2043,thick
2044,thief
2045,thigh
2046,thing
2047,think
2048,third
2049,thong
2050,thorn
2051,those
2052,three
2053,threw
2054,throb
2055,throw
2056,thrum
2057,thumb
2058,thump
2059,thyme
2060,tiara
2061,tibia
2062,tidal
2063,tiger
2064,tight
2065,tilde
2066,timer
2067,timid
2068,tipsy
2069,titan
2070,tithe
2071,title
2072,toast
2073,today
2074,toddy
2075,token
2076,tonal
2077,tonga
2078,tonic
2079,tooth
2080,topaz
2081,topic
2082,torch
2083,torso
2084,torus
2085,total
2086,totem
2087,touch
2088,tough
2089,towel
2090,tower
2091,toxic
2092,toxin
2093,trace
2094,track
2095,tract
2096,trade
2097,trail
2098,train
2099,trait
2100,tramp
2101,trash
2102,trawl
2103,tread
2104,treat
2105,trend
2106,triad
2107,trial
2108,tribe
2109,trice
2110,trick
2111,tried
2112,tripe
2113,trite
2114,troll
2115,troop
2116,trope
2117,trout
2118,trove
2119,truce
2120,truck
2121,truer
2122,truly
2123,trump
2124,trunk
2125,truss
2126,trust
2127,truth
2128,tryst
2129,tubal
2130,tuber
2131,tulip
2132,tulle
2133,tumor
2134,tunic
2135,turbo
2136,tutor
2137,twang
2138,tweak
2139,tweed
2140,tweet
2141,twice
2142,twine
2143,twirl
2144,twist
2145,twixt
2146,tying
2147,udder
2148,ulcer
2149,ultra
2150,umbra
2151,uncle
2152,uncut
2153,under
2154,undid
2155,undue
2156,unfed
2157,unfit
2158,unify
2159,union
2160,unite
2161,unity
2162,unlit
2163,unmet
2164,unset
2165,untie
2166,until
2167,unwed
2168,unzip
2169,upper
2170,upset
2171,urban
2172,urine
2173,usage
2174,usher
2175,using
2176,usual
2177,usurp
2178,utile
2179,utter
2180,vague
2181,valet
2182,valid
2183,valor
2184,value
2185,valve
2186,vapid
2187,vapor
2188,vault
2189,vaunt
2190,vegan
2191,venom
2192,venue
2193,verge
2194,verse
2195,verso
2196,verve
2197,vicar
2198,video
2199,vigil
2200,vigor
2201,villa
2202,vinyl
2203,viola
2204,viper
2205,viral
2206,virus
2207,visit
2208,visor
2209,vista
2210,vital
2211,vivid
2212,vixen
2213,vocal
2214,vodka
2215,vogue
2216,voice
2217,voila
2218,vomit
2219,voter
2220,vouch
2221,vowel
2222,vying
2223,wacky
2224,wafer
2225,wager
2226,wagon
2227,waist
2228,waive
2229,waltz
2230,warty
2231,waste
2232,watch
2233,water
2234,waver
2235,waxen
2236,weary
2237,weave
2238,wedge
2239,weedy
2240,weigh
2241,weird
2242,welch
2243,welsh
2244,wench
2245,whack
2246,whale
2247,wharf
2248,wheat
2249,wheel
2250,whelp
2251,where
2252,which
2253,whiff
2254,while
2255,whine
2256,whiny
2257,whirl
2258,whisk
2259,white
2260,whole
2261,whoop
2262,whose
2263,widen
2264,wider
2265,widow
2266,width
2267,wield
2268,wight
2269,willy
2270,wimpy
2271,wince
2272,winch
2273,windy
2274,wiser
2275,wispy
2276,witch
2277,witty
2278,woken
2279,woman
2280,women
2281,woody
2282,wooer
2283,wooly
2284,woozy
2285,wordy
2286,world
2287,worry
2288,worse
2289,worst
2290,worth
2291,would
2292,wound
2293,woven
2294,wrack
2295,wrath
2296,wreak
2297,wreck
2298,wrest
2299,wring
2300,wrist
2301,write
2302,wrong
2303,wrote
2304,wrung
2305,wryly
2306,yacht
2307,yearn
2308,yeast
2309,yield
2310,young
2311,youth
2312,zebra
2313,zesty
2314,zonal
